[{"name":"PFLAG Aberdeen/Harbor Area","website":"","street":"PO Box 1112","city":"Aberdeen","state":"WA","zip":"98520-0225","latitude":46.9745291012381,"longitude":-123.820245739149},{"name":"PFLAG Abilene/Big Country","website":"http://pflagbc.weebly.com/","street":"PO Box 6981","city":"Albilene","state":"TX","zip":"79608-6981","latitude":32.4189913794497,"longitude":-99.7494764679639},{"name":"PFLAG Aiken","website":"http://pflagaiken.org/","street":"PO Box 5951","city":"Aiken","state":"SC","zip":"29804","latitude":33.5127834803744,"longitude":-81.7337997324709},{"name":"PFLAG Akron","website":"http://www.pflagakron.org","street":"P.O. Box 5471","city":"Akron","state":"OH","zip":"44334-0471","latitude":41.1237838384545,"longitude":-81.6006670969082},{"name":"PFLAG Alamance","website":"http://pflagalamance.org/","street":"PO Box 623","city":"Elon","state":"NC","zip":"27244-0623","latitude":36.1002015937297,"longitude":-79.5065569959078},{"name":"PFLAG Albuquerque","website":"www.pflagabq.org","street":"P.O. Box 30771","city":"Albuquerque","state":"NM","zip":"87190-0771","latitude":35.1075025609955,"longitude":-106.596839957697},{"name":"PFLAG Allentown/Eastern PA","website":"","street":"PO Box 403","city":"Macungie","state":"PA","zip":"18062-0403","latitude":40.518872189601,"longitude":-75.5602971088237},{"name":"PFLAG Ames","website":"","street":"2328 Bristol Drive","city":"Ames","state":"IA","zip":"50010-7116","latitude":42.0475847732198,"longitude":-93.6405845098665},{"name":"PFLAG Anchorage/South Central AK","website":"","street":"PO Box 210874","city":"Anchorage","state":"AK","zip":"99521","latitude":61.1987196811695,"longitude":-149.73358768842},{"name":"PFLAG Ann Arbor","website":"http://www.pflagaa.org","street":"PO Box 7471","city":"Ann Arbor","state":"MI","zip":"48107","latitude":42.2749519871456,"longitude":-83.7343879948093},{"name":"PFLAG Anniston","website":"","street":"","city":"Anniston","state":"AL","zip":"35242-5816","latitude":33.4330330789145,"longitude":-86.6765892758736},{"name":"PFLAG Anoka","website":"http://www.anokanorthmetropflag.com","street":"1923 3rd Ave S","city":"Anoka","state":"MN","zip":"55303","latitude":45.1970416897233,"longitude":-93.3872300373356},{"name":"PFLAG Appleton","website":"","street":"233 E. College Avenue","city":"Appleton","state":"WI","zip":"54911-5712","latitude":44.2617519841679,"longitude":-88.4029513271412},{"name":"PFLAG Atlanta","website":"http://pflagatl.org","street":"2484 Briarcliff Rd NE\nSuite 22-252","city":"Atlanta","state":"GA","zip":"30329-3011","latitude":33.8258311,"longitude":-84.3331553},{"name":"PFLAG Attleboro","website":"","street":"35 Colts Way","city":"Attleboro","state":"MA","zip":"02703","latitude":41.9798354,"longitude":-71.2739478},{"name":"PFLAG Auburn","website":"","street":"1123 E Glenn Ave, Unit B","city":"Auburn","state":"AL","zip":"36830","latitude":32.6089873520857,"longitude":-85.4580679178993},{"name":"PFLAG Aurora/Fox Valley","website":"http://www.pflagchicago.com","street":"P.O. Box 1133","city":"Aurora","state":"IL","zip":"60507-1133","latitude":41.7652413263273,"longitude":-88.3074957329409},{"name":"PFLAG Austin","website":"http://www.pflagaustin.org","street":"PO Box 49417","city":"Austin","state":"TX","zip":"78765","latitude":30.2999604089468,"longitude":-97.7339175062871},{"name":"PFLAG Bakersfield","website":"","street":"PO Box 42135","city":"Bakersfield","state":"CA","zip":"93384-2135","latitude":35.3258738412059,"longitude":-119.037737428539},{"name":"PFLAG Baltimore County","website":"","street":"1710 Dulaney Valley Rd","city":"Lutherville","state":"MD","zip":"21093","latitude":39.4310088530772,"longitude":-76.5964693755604},{"name":"PFLAG Bartlesville","website":"http://www.bartlesvillepflag.org/","street":"505 S. Dewey Avenue","city":"Bartlesville","state":"OK","zip":"74003","latitude":36.74892,"longitude":-95.976793},{"name":"PFLAG Baton Rouge","website":"http://www.pflagbr.org","street":"2447 Aubin Lane","city":"Baton Rouge","state":"LA","zip":"70816-8212","latitude":30.4289320567701,"longitude":-91.0645292487251},{"name":"PFLAG Beaumont","website":"","street":"PO Box 6235","city":"Beaumont","state":"TX","zip":"77725","latitude":30.0525210356184,"longitude":-94.097299977811},{"name":"PFLAG Bel Air","website":"","street":"","city":"Bel Air","state":"MD","zip":"","latitude":39.5359406,"longitude":-76.3482931},{"name":"PFLAG Belleville","website":"http://bellevilleilpflag.com","street":"PO Box 65","city":"Belleville","state":"IL","zip":"62222-0065","latitude":38.5125833379518,"longitude":-89.9858192344693},{"name":"PFLAG Bellevue/Eastside","website":"http://pflagbellevue.org/","street":"P.O. Box 52863","city":"Bellevue","state":"WA","zip":"98015-2863","latitude":47.6123194047179,"longitude":-122.187796804478},{"name":"PFLAG Bellingham/Whatcom County","website":"http://www.whatcompflag.org","street":"PO Box 28704","city":"Bellingham","state":"WA","zip":"98228","latitude":48.7724297616253,"longitude":-122.457589721188},{"name":"PFLAG Bend/Central Oregon","website":"","street":"P.O. Box 9182","city":"Bend","state":"OR","zip":"97708-2334","latitude":44.0725415918221,"longitude":-121.300619036938},{"name":"PFLAG Benton/Franklin","website":"http://www.bfpflag.com","street":"PO Box 84","city":"Richland","state":"WA","zip":"99352-0084","latitude":46.2542792848622,"longitude":-119.349078788155},{"name":"PFLAG Bergen County/Ridgewood","website":"http://www.bergenpflag.com/","street":"P.O. Box 1330","city":"Ridgewood","state":"NJ","zip":"07451-1330","latitude":40.9793602047108,"longitude":-74.1166473487953},{"name":"PFLAG Binghamton","website":"","street":"PO Box 96","city":"Bible School Park","state":"NY","zip":"13737-0096","latitude":42.1019705535992,"longitude":-75.9614366956462},{"name":"PFLAG Birmingham","website":"","street":"4300 Hampton Heights Drive","city":"Birmingham","state":"AL","zip":"35209-3708","latitude":33.4698072935728,"longitude":-86.8348833585794},{"name":"PFLAG Blairsville","website":"","street":"160 Emerald Pond Dr.","city":"Blairsville","state":"GA","zip":"30512-0344","latitude":34.9636288258108,"longitude":-84.1127237980641},{"name":"PFLAG Bloomington/Normal","website":"http://www.pflagbn.com","street":"1613 E. Emerson Street","city":"Bloomington","state":"IL","zip":"61701-2008","latitude":40.4933754212398,"longitude":-88.9674353770403},{"name":"PFLAG Boerne","website":"http://www.pflagboerne.org","street":"211 East Theissen Street","city":"Boerne","state":"TX","zip":"78006","latitude":29.791317,"longitude":-98.727632},{"name":"PFLAG Boise/Treasure Valley","website":"","street":"2971 MUMBARTO AVE APT B","city":"Boise","state":"ID","zip":"83713-5080","latitude":43.631661,"longitude":-116.323727},{"name":"PFLAG Boston/Greater Boston","website":"http://www.gbpflag.org/supportgroups","street":"85 River St #3A\nPO Box 541619","city":"Waltham","state":"MA","zip":"02453","latitude":42.3694506,"longitude":-71.2187135},{"name":"PFLAG Boulder","website":"http://pflagboulder.org","street":"PO Box 19696","city":"Boulder","state":"CO","zip":"80308-2696","latitude":40.0284601228375,"longitude":-105.225417221627},{"name":"PFLAG Bowling Green","website":"","street":"PO Box 1539","city":"Bowling Green","state":"KY","zip":"42102","latitude":36.9930503305094,"longitude":-86.4450891960088},{"name":"PFLAG Bozeman/Gallatin Valley","website":"","street":"25 Bridger Peak Rd","city":"Belgrade","state":"MT","zip":"59714-8604","latitude":45.7762463,"longitude":-111.1770945},{"name":"PFLAG Bremerton/Kitsap County","website":"www.kitsappflag.org","street":"PO Box 2552","city":"Bremerton","state":"WA","zip":"98310-0331","latitude":47.5955389942303,"longitude":-122.627428794003},{"name":"PFLAG Brenham","website":"","street":"","city":"Brenham","state":"TX","zip":"","latitude":30.1668828,"longitude":-96.3977442},{"name":"PFLAG Brewster/Cape Cod","website":"http://www.pflagcapecod.org","street":"11 Anthony Drive","city":"Orleans","state":"MA","zip":"02653","latitude":41.7846141,"longitude":-69.9955401},{"name":"PFLAG Brunswick","website":"","street":"1710 Gloucester Street","city":"Brunswick","state":"GA","zip":"31520","latitude":31.151603,"longitude":-81.485437},{"name":"PFLAG Bucks County","website":"","street":"PO Box 31","city":"Penns Park","state":"PA","zip":"18943-0031","latitude":40.2831817186625,"longitude":-74.995689730396},{"name":"PFLAG Buffalo/Niagara Area","website":"","street":"PO Box 617","city":"Buffalo","state":"NY","zip":"14207-0617","latitude":42.9476910892735,"longitude":-78.8823274535483},{"name":"PFLAG Burlington","website":"http://www.facebook.com/pages/Pflag-Burlington/163842767054472","street":"412 N. 5th Street","city":"Burlington","state":"IA","zip":"52601-5101","latitude":40.8114344755217,"longitude":-91.1046196459791},{"name":"PFLAG Butler County","website":"http://www.pflagbutler.com","street":"PO Box 1631","city":"Butler","state":"PA","zip":"16003-1631","latitude":40.8576001187516,"longitude":-79.8952698667102},{"name":"PFLAG Butte","website":"","street":"1828 Whitman Ave","city":"Butte","state":"MT","zip":"59701","latitude":45.9952396032262,"longitude":-112.51805111017},{"name":"PFLAG Canton/St. Lawrence County","website":"","street":"3 1/2 East Main St.","city":"Canton","state":"NY","zip":"13617-1416","latitude":44.5952127972339,"longitude":-75.1740465323208},{"name":"PFLAG Carson Region","website":"","street":"312 Tahoe Dr","city":"Carson City","state":"NV","zip":"89703-3742","latitude":39.1707913437466,"longitude":-119.774715291477},{"name":"PFLAG Carteret \u0026 Craven Counties","website":"www.ccnc-pflag.org","street":"P.O. Box 245","city":"New Bern","state":"NC","zip":"28563-0245","latitude":35.1068638444919,"longitude":-77.10003666406},{"name":"PFLAG Casper","website":"http://www.casperpflag.com/","street":"924 E. 15th St.","city":"Casper","state":"WY","zip":"82601-4415","latitude":42.8355369219925,"longitude":-106.313230265364},{"name":"PFLAG Cedar Rapids","website":"http://www.pflagcr.com/","street":"","city":"Cedar Rapids","state":"IA","zip":"52406","latitude":41.92,"longitude":-91.68},{"name":"PFLAG Central Maryland/Frederick","website":"http://www.pflagcentralmd.org","street":"1606 New York Ave.","city":"Knoxville","state":"MD","zip":"21758-9100","latitude":39.3297826888211,"longitude":-77.6147103172266},{"name":"PFLAG Charleston","website":"www.pflagcharlestonil.org","street":"PO Box 551","city":"Charleston","state":"IL","zip":"61920","latitude":39.514055,"longitude":-88.2071598},{"name":"PFLAG Charleston/Huntington","website":"","street":"1306 Oakmont Rd","city":"Charleston","state":"WV","zip":"25314","latitude":38.3419640376113,"longitude":-81.6479710561185},{"name":"PFLAG Charlotte","website":"www.pflagcharlotte.org","street":"PO Box 472532","city":"Charlotte","state":"NC","zip":"28247-2532","latitude":35.0919213712754,"longitude":-80.8442494553473},{"name":"PFLAG Charlottesville/Blue Ridge","website":"http://www.pflagblueridge.org","street":"PO Box 5057","city":"Charlottesville","state":"VA","zip":"22905-5057","latitude":38.0498619905395,"longitude":-78.5021785882705},{"name":"PFLAG Chattanooga","website":"http://community.pflag.org/chattown","street":"PO Box 17252","city":"Chattanooga","state":"TN","zip":"37415-8252","latitude":35.1097923788163,"longitude":-85.2952077865094},{"name":"PFLAG Chautauqua","website":"","street":"P.O. Box 658","city":"Chautauqua","state":"NY","zip":"14722-0658","latitude":42.2089836906459,"longitude":-79.4649883299467},{"name":"PFLAG Chehalis/Centralia","website":"http://www.pflagcc.org/","street":"PO Box 17","city":"Cetralia","state":"WA","zip":"98531","latitude":46.7162136,"longitude":-122.9542972},{"name":"PFLAG Chestertown","website":"http://www.pflagchestertown.com/","street":"914 Gateway Drive","city":"Chestertown","state":"MD","zip":"21678","latitude":39.2350964916109,"longitude":-76.0710092717597},{"name":"PFLAG Chicago Metro","website":"http://www.pflagchicago.com","street":"3656 N Halsted","city":"Chicago","state":"IL","zip":"60613-5974","latitude":41.9488204482062,"longitude":-87.6494834124288},{"name":"PFLAG Cincinnati","website":"http://www.pflagcinci.org","street":"PO Box 19634","city":"Cincinnati","state":"OH","zip":"45219-0634","latitude":39.1331239709955,"longitude":-84.5092658347497},{"name":"PFLAG Clackamas County","website":"","street":"19242 Terry Ave","city":"Oregon City","state":"OR","zip":"97035-7963","latitude":45.3866913829021,"longitude":-122.739230529565},{"name":"PFLAG Cleveland","website":"http://www.pflagcleveland.org","street":"615 Prospect Road","city":"Berea","state":"OH","zip":"44017-2743","latitude":41.3513189540076,"longitude":-81.8577359115823},{"name":"PFLAG Clinton Township","website":"http://www.pflagct.org/","street":"35127 Garfield","city":"Clinton Township","state":"MI","zip":"48035","latitude":42.554578,"longitude":-82.95201},{"name":"PFLAG Coeur d'Alene","website":"http://pflagcda.wordpress.com/","street":"PO BOX 2471","city":"Coeur d'Alene","state":"ID","zip":"83816","latitude":47.6776832,"longitude":-116.7804664},{"name":"PFLAG Collingswood","website":"https://community.pflag.org/sslpage.aspx?pid=224\u0026tab=6\u0026chid=398","street":"PO BOX 8941","city":"Collingswood","state":"NJ","zip":"08108-8941","latitude":39.9181686,"longitude":-75.071284},{"name":"PFLAG Colorado Springs","website":"www.cspflag.org","street":"PO Box 49131","city":"Colorado Springs","state":"CO","zip":"80932","latitude":38.85,"longitude":-104.78},{"name":"PFLAG Columbia","website":"","street":"Reformation Lutheran Church\n118 Union St.","city":"Columbia","state":"SC","zip":"29212","latitude":34.0210389,"longitude":-81.0489522},{"name":"PFLAG Columbia Basin/Moses Lake","website":"","street":"PO Box 742","city":"Moses Lake","state":"WA","zip":"98837","latitude":47.2080418,"longitude":-119.3181738},{"name":"PFLAG Columbia/Howard County","website":"http://www.pflagmd.org","street":"PO Box 1479","city":"Columbia","state":"MD","zip":"21044-0479","latitude":39.206658,"longitude":-76.8836261},{"name":"PFLAG Columbus","website":"http://www.columbuspflag.org","street":"PO Box 10200","city":"Columbus","state":"OH","zip":"43201-0700","latitude":39.9857617555017,"longitude":-83.0040864523271},{"name":"PFLAG Colville/Northeast Washington","website":"","street":"PO Box 1185","city":"Colville","state":"WA","zip":"99114","latitude":48.5685664480842,"longitude":-117.867586741734},{"name":"PFLAG Concord","website":"http://pflagnh.org","street":"P.O. Box 957","city":"Concord","state":"NH","zip":"03302-0957","latitude":43.2088432927848,"longitude":-71.5267373741297},{"name":"PFLAG Concord/Kannapolis","website":"","street":"5513 Crofton Ave","city":"Kannapolis","state":"NC","zip":"28081","latitude":35.490798,"longitude":-80.690449},{"name":"PFLAG Cookeville","website":"","street":"502 Gould Drive","city":"Cookeville","state":"TN","zip":"38506","latitude":36.1327458660299,"longitude":-85.5355096445537},{"name":"PFLAG Corvallis/Albany","website":"http://www.jam-assoc.com/pflag/","street":"PO Box 544","city":"Corvallis","state":"OR","zip":"97339","latitude":44.5619673568092,"longitude":-123.260859578106},{"name":"PFLAG Crossville/Cumberland County","website":"","street":"PO Box 272","city":"Pleasant Hill","state":"TN","zip":"38578-0272","latitude":35.9762342450155,"longitude":-85.2046187701393},{"name":"PFLAG Dallas","website":"https://www.facebook.com/pages/PFLAG-Dallas/345571788897889","street":"P.O. Box 190193","city":"Dallas","state":"TX","zip":"75219-0193","latitude":32.807582590865,"longitude":-96.8102888915184},{"name":"PFLAG Danville","website":"","street":"P.O. Box 3569","city":"Danville","state":"VA","zip":"24543","latitude":36.5882218235794,"longitude":-79.4300691261884},{"name":"PFLAG Danville/San Ramon Valley","website":"http://srvpflag.webs.com/","street":"PO Box 40","city":"San Ramon","state":"CA","zip":"94583-0040","latitude":37.777424,"longitude":-121.968281},{"name":"PFLAG Dayton","website":"http://www.pflagdayton.org","street":"PO Box 3721","city":"Dayton","state":"OH","zip":"45401","latitude":39.7587998,"longitude":-84.1787904},{"name":"PFLAG Deerfield","website":"http://www.pflagdeerfield.org/","street":"1201 Lake Cook Rd","city":"Deerfield","state":"IL","zip":"60015-5217","latitude":42.1528605172002,"longitude":-87.8569996453166},{"name":"PFLAG DeKalb County","website":"","street":"PO Box 852","city":"DeKalb","state":"IL","zip":"60115-0852","latitude":41.89322,"longitude":-88.7686382},{"name":"PFLAG Denton","website":"http://www.pflagdenton.org","street":"1288 W. Main Street Ste 239","city":"Lewisville","state":"TX","zip":"75067","latitude":33.0410741,"longitude":-97.024389},{"name":"PFLAG Denver","website":"http://www.pflagdenver.org","street":"PO Box 18901","city":"Denver","state":"CO","zip":"80218","latitude":39.7351007471029,"longitude":-104.972509833561},{"name":"PFLAG Des Moines","website":"","street":"3627 Davisson Road","city":"Des Moines","state":"IA","zip":"50310","latitude":41.624693,"longitude":-93.667393},{"name":"PFLAG Detroit","website":"http://www.pflagdetroit.org","street":"PO Box 1169","city":"Royal Oak","state":"MI","zip":"48068","latitude":42.4889826130582,"longitude":-83.1455485043592},{"name":"PFLAG Dorset","website":"","street":"PO Box 263","city":"Dorset","state":"VT","zip":"05251-0263","latitude":43.2541312831333,"longitude":-73.0981780881474},{"name":"PFLAG Dothan","website":"","street":"1721 Choctaw","city":"Dothan","state":"AL","zip":"36303","latitude":31.2368426906388,"longitude":-85.4206412181169},{"name":"PFLAG Downers Grove","website":"http://pflagdg.wix.com/pflagdg","street":"1047 Curtiss Street","city":"Downers Grove","state":"IL","zip":"60516","latitude":41.7935402,"longitude":-88.011772},{"name":"PFLAG Dunedin","website":"http://www.pflagdunedin.org","street":"1650 Pinehurst rd","city":"Dunedin","state":"FL","zip":"34698","latitude":28.028266,"longitude":-82.77236},{"name":"PFLAG Dupage","website":"http://www.pflagdupage.org","street":"PO Box 1333","city":"Wheaton","state":"IL","zip":"60187-1333","latitude":41.8655718458651,"longitude":-88.1099674435419},{"name":"PFLAG El Centro","website":"","street":"312 S. 8th Street","city":"El Centro","state":"CA","zip":"92243","latitude":32.7904284,"longitude":-115.5617044},{"name":"PFLAG Ellensburg/Kittitas County","website":"","street":"1701 Indiana Drive","city":"Ellensburg","state":"WA","zip":"98926-2580","latitude":47.0090704989055,"longitude":-120.552768143834},{"name":"PFLAG El Paso","website":"http://www.pflagelpaso.org/","street":"211 W. Yandell","city":"El Paso","state":"TX","zip":"79902","latitude":31.762004,"longitude":-106.493382},{"name":"PFLAG Elyria/Lorain County","website":"","street":"730 Park Ave.","city":"Amherst","state":"OH","zip":"44001-2242","latitude":41.3982535517611,"longitude":-82.2183211112295},{"name":"PFLAG Ephraim/Sanpete County","website":"","street":"30 W 400 North/POB 583","city":"Spring City","state":"UT","zip":"84662","latitude":39.4837296870765,"longitude":-111.496544814691},{"name":"PFLAG Erie/Erie \u0026 Crawford Counties","website":"","street":"PO Box 8914","city":"Erie","state":"PA","zip":"16505-0914","latitude":42.0884228263535,"longitude":-80.136017924287},{"name":"PFLAG Eureka/Arcata","website":"","street":"6197 Rohnerville Rd","city":"Hydesville","state":"CA","zip":"95547","latitude":40.5475837114203,"longitude":-124.09758885564},{"name":"PFLAG Everett/Snohomish","website":"http://www.everett-snohomishpflag.org/home","street":"2624 Rockefeller Ave.","city":"Everett","state":"WA","zip":"98201-2925","latitude":47.982438,"longitude":-122.206131},{"name":"PFLAG Fairbanks","website":"","street":"PO Box 82290","city":"Fairbanks","state":"AK","zip":"99708-2290","latitude":64.8485472972212,"longitude":-147.829498425411},{"name":"PFLAG Family Reunion/Detroit","website":"","street":"1635 Edison Street","city":"Detroit","state":"MI","zip":"48206","latitude":42.3789233481351,"longitude":-83.0983812376032},{"name":"PFLAG Fayetteville/Northwest Arkansas","website":"http://www.facebook.com/pflagnwa","street":"PO Box 2897","city":"Fayetteville","state":"AR","zip":"72702","latitude":36.0664127325626,"longitude":-94.1604372525764},{"name":"PFLAG Flagstaff","website":"http://www.pflagflagstaff.org","street":"PO Box 23527","city":"Flagstaff","state":"AZ","zip":"86002-3527","latitude":35.2096014966128,"longitude":-111.610059364847},{"name":"PFLAG Flat Rock/Hendersonville","website":"http://community.pflag.org/flatrockhendersonville","street":"140 Pinehurst DR","city":"Flat Rock","state":"NC","zip":"28792-2442","latitude":35.3466337139758,"longitude":-82.461470918947},{"name":"PFLAG Florence","website":"http://www.pflagflorenceoregon.org/","street":"PO Box 1074","city":"Florence","state":"OR","zip":"97439-0051","latitude":43.9734512679627,"longitude":-124.106107987693},{"name":"PFLAG Florence/Shoals","website":"","street":"PO Box 1002","city":"Florence","state":"AL","zip":"35631-1002","latitude":34.8017228076625,"longitude":-87.67516710128},{"name":"PFLAG Florida Keys","website":"","street":"PO Box 523106","city":"Marathon Shores","state":"FL","zip":"33052","latitude":24.7297241874224,"longitude":-81.0336368558554},{"name":"PFLAG Floyd","website":"www.floydpflag.org","street":"PO Box 76","city":"Floyd","state":"VA","zip":"24091","latitude":36.9112443,"longitude":-80.3200502},{"name":"PFLAG Fort Collins/Northern Colorado","website":"","street":"305 West Magnolia Street, PMB 117","city":"Fort Collins","state":"CO","zip":"80521","latitude":40.5828633715485,"longitude":-105.080900678922},{"name":"PFLAG Fort Myers","website":"","street":"Beacon Executive Suites\n8359 Beacon Blvd","city":"Ft. Myers","state":"FL","zip":"33907","latitude":26.571288,"longitude":-81.868508},{"name":"PFLAG Fort Wayne","website":"http://ourdems.org/pflagfw","street":"3925 Shoreline Blvd","city":"New Haven","state":"IN","zip":"46774","latitude":41.0514075027551,"longitude":-85.0214004436747},{"name":"PFLAG Fort Worth","website":"http://pflagfortworth.org","street":"PO Box 8279","city":"Fort Worth","state":"TX","zip":"76124-0279","latitude":32.75,"longitude":-97.22},{"name":"PFLAG Franklin","website":"http://community.pflag.org/PFLAG-Franklin","street":"PO Box 832","city":"Franklin","state":"TN","zip":"37065","latitude":35.909970809906,"longitude":-86.8336760726918},{"name":"PFLAG Franklin-Hampshire","website":"http://fhcpflag.weebly.com/contact-and-meeting-information.html","street":"53 Elm Street","city":"Shelburne Falls","state":"MA","zip":"01370-1508","latitude":42.5958942121493,"longitude":-72.7399909882927},{"name":"PFLAG Fredericksburg","website":"","street":"c/o FAHASS\n415 Elm St","city":"Fredericksburg","state":"VA","zip":"22401","latitude":38.2995022396377,"longitude":-77.4781883760919},{"name":"PFLAG Fresno","website":"","street":"PO Box 27382","city":"Fresno","state":"CA","zip":"93729-7382","latitude":36.851791933552,"longitude":-119.771256890093},{"name":"PFLAG Ft. Lauderdale","website":"","street":"1480 SW 9th Ave","city":"Fort Lauderdale","state":"FL","zip":"33315-1375","latitude":26.1031911922208,"longitude":-80.1531597300367},{"name":"PFLAG Gainesville","website":"","street":"PO Box 1755","city":"Alachua","state":"FL","zip":"32616","latitude":29.8,"longitude":-82.49},{"name":"PFLAG Gaston","website":"http://www.pflaggaston.org/","street":"258 W Franklin Blvd","city":"Gastonia","state":"NC","zip":"28052","latitude":35.26222795126,"longitude":-81.1848811314583},{"name":"PFLAG Genesse County/Flint","website":"http://www.pflagflint.com","street":"2474 S. Ballanger Highway","city":"Flint","state":"MI","zip":"48507-1301","latitude":42.9887391134204,"longitude":-83.7328575951012},{"name":"PFLAG Gillette","website":"http://pflaggillette.wix.com/pflag-gillette","street":"PO Box 2654","city":"Gillette","state":"WY","zip":"82717","latitude":44.2920873,"longitude":-105.5024209},{"name":"PFLAG Gold Beach/Curry Co.","website":"","street":"PO Box 131","city":"Gold Beach","state":"OR","zip":"97444-0131","latitude":42.4194818209304,"longitude":-124.420178011805},{"name":"PFLAG Grand Island","website":"","street":"PO Box 234","city":"Grand Island","state":"NE","zip":"68802","latitude":40.9264983,"longitude":-98.3418017},{"name":"PFLAG Grants Pass/Josephine County","website":"","street":"P.O Box 601","city":"Grants Pass","state":"OR","zip":"97528-0051","latitude":42.4397425807566,"longitude":-123.326748718978},{"name":"PFLAG Grass Valley/Nevada City","website":"","street":"PO Box 326","city":"Nevada City","state":"CA","zip":"95959-0326","latitude":39.2630222514768,"longitude":-121.016969931816},{"name":"PFLAG Greater Evansville","website":"","street":"PO Box 113","city":"Evansville","state":"IN","zip":"47701-0113","latitude":37.9746412574891,"longitude":-87.5674891781823},{"name":"PFLAG Greater Lansing","website":"","street":"","city":"Lansing","state":"MI","zip":"48805","latitude":42.7275103794016,"longitude":-84.4224674113412},{"name":"PFLAG Greater New Haven/Shoreline","website":"","street":"166 Lovers Ln.","city":"Guilford","state":"CT","zip":"06437-2851","latitude":41.2800305272881,"longitude":-72.6718651696411},{"name":"PFLAG Greater Placer County","website":"www.pflagplacercounty.org","street":"2280 Grass Valley Highway #293","city":"Auburn","state":"CA","zip":"95603-2536","latitude":38.9348796836516,"longitude":-121.093039159929},{"name":"PFLAG Greater Providence","website":"www.pflagprovidence.org","street":"PO Box 41344","city":"Providence","state":"RI","zip":"02940","latitude":41.82,"longitude":-71.41},{"name":"PFLAG Great Falls/Golden Triangle","website":"","street":"PO Box 1052","city":"Great Falls","state":"MT","zip":"59403-1052","latitude":47.5064576939685,"longitude":-111.303979806322},{"name":"PFLAG Greeley","website":"","street":"2101 16th","city":"Greeley","state":"CO","zip":"80631","latitude":40.4147497,"longitude":-104.7122633},{"name":"PFLAG Greensboro","website":"http://www.pflaggreensboro.org/","street":"PO Box 4153","city":"Greensboro","state":"NC","zip":"27404","latitude":36.0855611722114,"longitude":-79.8329771416809},{"name":"PFLAG Greensburg","website":"pflaggreensburg.org","street":"PO Box 181","city":"Greensburg","state":"PA","zip":"15601-0181","latitude":40.3007442299634,"longitude":-79.5448582180315},{"name":"PFLAG Greenville","website":"","street":"131 Oakmont Dr","city":"Greenville","state":"NC","zip":"27858","latitude":35.579772,"longitude":-77.3587359},{"name":"PFLAG Greenville","website":"http://www.pflagupstatesc.org","street":"202 High Meadow Ct.","city":"Greer","state":"SC","zip":"29650-3224","latitude":34.8941158289834,"longitude":-82.261963049954},{"name":"PFLAG Greenwood","website":"http://pflaggreenwood.org/","street":"3758 W Whiteland Rd","city":"Bargersville","state":"IN","zip":"46106","latitude":39.5485051,"longitude":-86.1765581},{"name":"PFLAG Hamilton/Bitterroot","website":"http://pflaghamiltonbitterroot.org/#sthash.ZCKC8Igq.dpuf","street":"600 S 3rd St","city":"Hamilton","state":"MT","zip":"59840","latitude":46.2415446778457,"longitude":-114.157840089248},{"name":"PFLAG Hampton","website":"http://www.pflaghampton.org/","street":"","city":"Hampton","state":"CT","zip":"","latitude":41.7839873,"longitude":-72.0547977},{"name":"PFLAG Hannibal/Quincy","website":"","street":"1479 Hampshire Street","city":"Quincy","state":"IL","zip":"62301","latitude":39.933468,"longitude":-91.390632},{"name":"PFLAG Hanover","website":"http://www.facebook.com/pflag.hanover","street":"PO Box 276","city":"Hanover","state":"IN","zip":"47243-0276","latitude":38.7139308871019,"longitude":-85.4683562511393},{"name":"PFLAG Harlingen","website":"","street":"1327 E. Washington PMB 300","city":"Harlingen","state":"TX","zip":"78550","latitude":26.1980177646092,"longitude":-97.6820829991303},{"name":"PFLAG Harrisburg/Central Pennsylvania","website":"http://pflagcentralpa.org","street":"P O Box 812","city":"Mechanicsburg","state":"PA","zip":"17055","latitude":40.1950021991933,"longitude":-76.9933856965918},{"name":"PFLAG Hartford","website":"http://www.pflaghartford.org","street":"PO Box 260733","city":"Hartford","state":"CT","zip":"06126","latitude":41.76,"longitude":-72.69},{"name":"PFLAG Hastings","website":"","street":"721 N. Hastings Ave.","city":"Hastings","state":"NE","zip":"68901-4426","latitude":40.5904814944265,"longitude":-98.3898264105596},{"name":"PFLAG Hayward/East Bay","website":"","street":"1217 A ST","city":"Hayward","state":"CA","zip":"94541","latitude":37.676387,"longitude":-122.07996},{"name":"PFLAG Hermiston","website":"","street":"81063 Rollins Lane","city":"Hermiston","state":"OR","zip":"97838-0509","latitude":45.8854103,"longitude":-119.2838122},{"name":"PFLAG Hernando","website":"","street":"4377 Commercial Way #161","city":"Spring Hill","state":"FL","zip":"34606-1963","latitude":28.4939285165888,"longitude":-82.597048883998},{"name":"PFLAG Highlands Ranch South Suburban","website":"http://www.pflaghighlandsranch.org/","street":"PO Box 3487","city":"Centennial","state":"CO","zip":"80161-3487","latitude":39.6,"longitude":-104.9599999},{"name":"PFLAG High Point","website":"https://www.facebook.com/pflag.highpoint","street":"1215 Kensington Dr","city":"High Point","state":"NC","zip":"27262","latitude":35.9668782056658,"longitude":-80.0359339781697},{"name":"PFLAG Hinsdale","website":"www.pflagchicago.com","street":"17 West Maple","city":"Hinsdale","state":"IL","zip":"60521","latitude":41.804736990221,"longitude":-87.9304607432679},{"name":"PFLAG Holland/Lakeshore","website":"www.pflaglakeshore.org","street":"PO Box 1246","city":"Holland","state":"MI","zip":"49422-1246","latitude":42.790310649418,"longitude":-86.098738320916},{"name":"PFLAG Houlton","website":"","street":"22 Hartford St","city":"Houlton","state":"ME","zip":"04730","latitude":46.1315169,"longitude":-67.8434073},{"name":"PFLAG Houston","website":"http://www.pflaghouston.org","street":"PO Box 66834","city":"Houston","state":"TX","zip":"77266-6834","latitude":29.7343987,"longitude":-95.3950196},{"name":"PFLAG Hunterdon County","website":"","street":"10 East Main St","city":"Flemington","state":"NJ","zip":"08822-1208","latitude":40.5142576323849,"longitude":-74.8583491750736},{"name":"PFLAG Huntsville","website":"http://community.pflag.org/Page.aspx?\u0026pid=224\u0026srcid=229\u0026chid=26","street":"PO Box 485","city":"Meridianville","state":"AL","zip":"35759-0485","latitude":34.8503303827421,"longitude":-86.5714662160922},{"name":"PFLAG Hutchinson","website":"","street":"1125 E. 4th Ste. 2","city":"Hutchinson","state":"KS","zip":"67501","latitude":38.057573088928,"longitude":-97.9078700259802},{"name":"PFLAG Idaho Falls/Eastern Idaho","website":"http://www.ifpflag.com","street":"PO Box 52242","city":"Idaho Falls","state":"ID","zip":"83405-2242","latitude":43.4972430243472,"longitude":-112.038846220276},{"name":"PFLAG Indiana","website":"","street":"PO Box 272","city":"Indiana","state":"PA","zip":"15701","latitude":40.6269000910675,"longitude":-79.1596272937638},{"name":"PFLAG Indianapolis","website":"http://www.indypflag.org","street":"PO Box 441245","city":"Indianapolis","state":"IN","zip":"46244-1245","latitude":39.7737211485133,"longitude":-86.1579086042979},{"name":"PFLAG Ithaca/Cortland","website":"http://www.pflagithacacortland.com","street":"Po Box 522","city":"Ithaca","state":"NY","zip":"14851-0522","latitude":42.438482529846,"longitude":-76.4967065980303},{"name":"PFLAG Jackson","website":"http://www.pflagjacksonms.wordpress.com","street":"PO Box 13092","city":"Jackson","state":"MS","zip":"39236","latitude":32.3630585,"longitude":-90.1475822},{"name":"PFLAG Jackson","website":"https://community.pflag.org/jacksonmichigan?chid=181","street":"PO Box 4065","city":"Jackson","state":"MI","zip":"49204-4065","latitude":42.2695921707432,"longitude":-84.3844294855315},{"name":"PFLAG Jackson","website":"http://www.jacksonpflag.com/","street":"PO Box 2683","city":"Jackson","state":"WY","zip":"83001-2683","latitude":43.4784726012306,"longitude":-110.765385974582},{"name":"PFLAG Jacksonville","website":"http://www.pflagjax.org","street":"Po Box 2971","city":"Jacksonville","state":"FL","zip":"32203-2971","latitude":30.3385202509099,"longitude":-81.6710388032973},{"name":"PFLAG Jersey Shore","website":"http://www.jerseyshorepflag.org","street":"PO Box 677","city":"Howell","state":"NJ","zip":"07731","latitude":40.1407113,"longitude":-74.2061931},{"name":"PFLAG Johns Creek","website":"https://johnscreekpflag.wordpress.com/","street":"11180 Medlock Bridge Rd","city":"Johns Creek","state":"GA","zip":"30097","latitude":34.0507305,"longitude":-84.1745535},{"name":"PFLAG Johnson City/Tri-Cities","website":"http://www.pflagtricities.org/","street":"PO Box 1782","city":"Johnson City","state":"TN","zip":"37605","latitude":36.31,"longitude":-82.35},{"name":"PFLAG Juneau","website":"","street":"PO Box 32245","city":"Juneau","state":"AK","zip":"99803","latitude":58.3735579995032,"longitude":-134.592768617777},{"name":"PFLAG Kalispell Flathead Valley","website":"","street":"204 7th Ave W","city":"Kalispell","state":"MT","zip":"59901-4364","latitude":48.1949854432247,"longitude":-114.323364878586},{"name":"PFLAG Kankakee","website":"","street":"St. John United Church of Christ\n1045 West River Street","city":"Kankakee","state":"IL","zip":"60901","latitude":41.115332,"longitude":-87.879164},{"name":"PFLAG Kansas City","website":"http://www.pflagkc.org","street":"PO Box 414101","city":"Kansas City","state":"MO","zip":"64141-4101","latitude":39.083482284381,"longitude":-94.5871973068095},{"name":"PFLAG Kauai","website":"http://www.pflagkauai.org/","street":"PO Box 1832","city":"Lihue","state":"HI","zip":"96766-5832","latitude":21.9634425824103,"longitude":-159.397255697792},{"name":"PFLAG Kearney","website":"","street":"1623 Central Ave.","city":"Kearney","state":"NE","zip":"68847","latitude":40.6905893211414,"longitude":-99.0818434574089},{"name":"PFLAG Keene","website":"http://pflagnh.org","street":"St. James Episcopal Church","city":"Keene","state":"NH","zip":"03431-3371","latitude":42.9323800037353,"longitude":-72.2781368229552},{"name":"PFLAG Kerr County","website":"http://pflagkerrville.com/","street":"PO Box 290267","city":"Kerrville","state":"TX","zip":"78029-0267","latitude":30.0442808318959,"longitude":-99.1479191635378},{"name":"PFLAG Keweenaw","website":"","street":"PO Box 276","city":"Houghton","state":"MI","zip":"49931-0276","latitude":47.1218074025907,"longitude":-88.5656368479614},{"name":"PFLAG Kingston","website":"","street":"15 Turtle Rock Ct.","city":"New Paltz","state":"NY","zip":"12561-1126","latitude":41.750097808768,"longitude":-74.0825372255117},{"name":"PFLAG Knoxville","website":"","street":"8516 Cambridge Woods Lane","city":"Knoxville","state":"TN","zip":"37923-6737","latitude":35.9038530835541,"longitude":-84.0554689015678},{"name":"PFLAG Lady Lake","website":"","street":"8665 SE 168th Kittredge Loop","city":"The Villages","state":"FL","zip":"32162","latitude":28.9774203748515,"longitude":-82.0077295386865},{"name":"PFLAG Lafayette/Tippecanoe County","website":"","street":"PO Box 59","city":"Battle Ground","state":"IN","zip":"47920-0059","latitude":40.5100301038073,"longitude":-86.8383972760127},{"name":"PFLAG Lakeland/Polk County","website":"http://www.pflagofpolkcounty.org","street":"PO Box 1739","city":"Auburndale","state":"FL","zip":"33823-1739","latitude":28.0645921034439,"longitude":-81.7866159467678},{"name":"PFLAG Lancaster/Antelope Valley","website":"","street":"1805 W AVE K STE 113","city":"Lancaster","state":"CA","zip":"93534","latitude":34.6750284860768,"longitude":-118.163759579041},{"name":"PFLAG Las Cruces/Dona Ana","website":"","street":"P.O. Box 15003","city":"Las Cruces","state":"NM","zip":"88001","latitude":32.3001619,"longitude":-106.7529514},{"name":"PFLAG Las Vegas","website":"","street":"PO Box 20145","city":"Las Vegas","state":"NV","zip":"89112-2145","latitude":36.1,"longitude":-115.07},{"name":"PFLAG Lawrence/Topeka","website":"http://www.pflagnekansas.org/","street":"1910 SW Sieben Ct.","city":"Topeka","state":"KS","zip":"66611-1656","latitude":39.0215284976431,"longitude":-95.7010805023625},{"name":"PFLAG Lecanto","website":"","street":"7220 E Oak Isle Drive","city":"Inverness","state":"FL","zip":"34450","latitude":28.853127,"longitude":-82.314069},{"name":"PFLAG Lenawee","website":"http://sites.google.com/site/pflaglenawee/","street":"8261 Cypress Way","city":"Dexter","state":"MI","zip":"48130-9102","latitude":42.2881336174736,"longitude":-83.9054509406076},{"name":"PFLAG Lenoir","website":"","street":"3405 Tranquil Hills Drive","city":"Lenoir","state":"NC","zip":"28645-8597","latitude":35.9783148652399,"longitude":-81.5574442647402},{"name":"PFLAG Lexington","website":"","street":"PO Box 12470","city":"Lexington","state":"KY","zip":"40583","latitude":38.14,"longitude":-84.47},{"name":"PFLAG Lima","website":"","street":"PO Box 5571","city":"Lima","state":"OH","zip":"45802-5571","latitude":40.7111378,"longitude":-84.1665942},{"name":"PFLAG Lincoln/Cornhusker","website":"http://www.pflaglincoln.org/","street":"PO Box 82034","city":"Lincoln","state":"NE","zip":"68501","latitude":40.8169810460395,"longitude":-96.7109163756894},{"name":"PFLAG Little Rock","website":"","street":"PO Box 7242","city":"Little Rock","state":"AR","zip":"72207","latitude":34.7791669,"longitude":-92.3468195},{"name":"PFLAG Logan/Cache Valley","website":"","street":"P O BOX 1215","city":"Logan","state":"UT","zip":"84322","latitude":41.6577331,"longitude":-111.8434441},{"name":"PFLAG Lompoc","website":"","street":"3346 Constellation Rd.","city":"Lompoc","state":"CA","zip":"93436","latitude":34.6949609142159,"longitude":-120.470502609307},{"name":"PFLAG Long Beach","website":"http://www.ocpflag.org","street":"P.O. Box 1132","city":"Los Alamitos","state":"CA","zip":"90720","latitude":33.7900865,"longitude":-118.0494489},{"name":"PFLAG Long Island","website":"http://www.pflagli.org","street":"PO Box 369","city":"Deer Park","state":"NY","zip":"11729-0369","latitude":40.7610714795662,"longitude":-73.3206076040569},{"name":"PFLAG Longview","website":"https://www.facebook.com/pages/Pflag-Longview-official/171561219582076","street":"PO Box 5703","city":"Longview","state":"TX","zip":"75608","latitude":32.5607406353731,"longitude":-94.7644972974116},{"name":"PFLAG Los Angeles","website":"http://www.pflagla.org/","street":"PO Box 24565","city":"Los Angeles","state":"CA","zip":"90024","latitude":34.0613621502441,"longitude":-118.440236741032},{"name":"PFLAG Louisville","website":"http://www.pflaglouisville.org","street":"PO Box 5002","city":"Louisville","state":"KY","zip":"40255-0002","latitude":38.2234319206477,"longitude":-85.6827561962407},{"name":"PFLAG Lower Columbia","website":"","street":"2851 30th Ave","city":"Longview","state":"WA","zip":"98632-4370","latitude":46.156273,"longitude":-122.95567},{"name":"PFLAG Lubbock","website":"http://www.pflaglubbock.org","street":"PO Box 94493","city":"Lubbock","state":"TX","zip":"79493","latitude":33.5807495,"longitude":-101.843123},{"name":"PFLAG Machias","website":"www.pflagmachias.org","street":"1658 Port Road","city":"Machiasport","state":"ME","zip":"04655","latitude":44.6211171,"longitude":-67.3964738},{"name":"PFLAG Macon","website":"","street":"PO Box 3553","city":"Warner Robins","state":"GA","zip":"31099-3553","latitude":32.5939821259754,"longitude":-83.6397998443865},{"name":"PFLAG Madison","website":"http://www.pflag-madison.org","street":"4221 Venetian Ln.","city":"Madison","state":"WI","zip":"53718-6655","latitude":43.0779350682499,"longitude":-89.2694394877414},{"name":"PFLAG Manistee","website":"","street":"5030 W Fox Farm Rd","city":"Manistee","state":"MI","zip":"49660-9538","latitude":44.1778448577551,"longitude":-86.3876974110059},{"name":"PFLAG Manitowoc County","website":"https://sites.google.com/site/pflagmanitowocwi/","street":"434 N. 8th Street","city":"Manitowoc","state":"WI","zip":"54220","latitude":44.0966931,"longitude":-87.6580453},{"name":"PFLAG Marietta","website":"","street":"3755 Sandy Plains Rd.","city":"Marietta","state":"GA","zip":"30066-3021","latitude":34.0410373020309,"longitude":-84.4586602484709},{"name":"PFLAG Marshall/Buffalo Ridge","website":"","street":"PO Box 324","city":"Marshall","state":"MN","zip":"56258","latitude":44.4458992248705,"longitude":-95.781167753888},{"name":"PFLAG Maryville","website":"","street":"322 Abrams St","city":"Rockford","state":"TN","zip":"37853","latitude":35.823185,"longitude":-83.949119},{"name":"PFLAG Maui","website":"","street":"P.O. BOX 606","city":"Lahaina","state":"HI","zip":"96767","latitude":20.8774205861922,"longitude":-156.68060842204},{"name":"PFLAG McHenry","website":"","street":"5603 W. Bull Valley Rd.","city":"McHenry","state":"IL","zip":"60050","latitude":42.320225,"longitude":-88.306472},{"name":"PFLAG Media","website":"","street":"PO Box 69","city":"Broomall","state":"PA","zip":"19008-0069","latitude":39.9819033905301,"longitude":-75.3624081840896},{"name":"PFLAG Melbourne","website":"","street":"PO Box 2838","city":"Melbourne","state":"FL","zip":"32902-2838","latitude":28.0784917758758,"longitude":-80.6105663764363},{"name":"PFLAG Memphis","website":"","street":"6465 Massey Lane","city":"Memphis","state":"TN","zip":"38120","latitude":35.114953,"longitude":-89.847484},{"name":"PFLAG Milwaukee","website":"http://www.milwaukee-pflag.org/index.htm","street":"315 West Court St. #101","city":"Milwaukee","state":"WI","zip":"53212-3842","latitude":43.0505617394338,"longitude":-87.9150705254836},{"name":"PFLAG Mobile","website":"","street":"957 Church Street","city":"Mobile","state":"AL","zip":"36604-3048","latitude":30.6844340716762,"longitude":-88.0554420083412},{"name":"PFLAG Modesto/Oakdale","website":"","street":"PO Box 4311","city":"Modesto","state":"CA","zip":"95352","latitude":37.6599999,"longitude":-121.02},{"name":"PFLAG Montgomery","website":"http://community.pflag.org/netcommunity/pflagmontgomery","street":"PO Box 457","city":"Montgomery","state":"TX","zip":"77356-0457","latitude":30.4115728264259,"longitude":-95.6656797808964},{"name":"PFLAG Montgomery","website":"","street":"8790 Vaughn Rd","city":"Montgomery","state":"AL","zip":"36117-8848","latitude":32.3390826532429,"longitude":-86.1407195913353},{"name":"PFLAG Mora Area","website":"http://www.ecmnpflag.org/","street":"2237 Forest Shores Rd.","city":"Ogilvie","state":"MN","zip":"56358","latitude":45.9087221,"longitude":-93.4187094},{"name":"PFLAG Morris Area","website":"https://www.facebook.com/mapflag","street":"PO Box 512","city":"Morris","state":"MN","zip":"56267","latitude":45.5853073969199,"longitude":-95.9102491774568},{"name":"PFLAG Moscow","website":"","street":"PO Box 8414","city":"Moscow","state":"ID","zip":"83843","latitude":46.7310449,"longitude":-117.0215453},{"name":"PFLAG Munster","website":"","street":"PO Box 3472","city":"Munster","state":"IN","zip":"46321","latitude":41.5485322423702,"longitude":-87.5030763104226},{"name":"PFLAG Napa","website":"http://www.pflagnapa.org/","street":"PO Box 2661\r\n","city":"Napa","state":"CA","zip":"94558-0266","latitude":38.3170536,"longitude":-122.3019206},{"name":"PFLAG Naples/Collier County","website":"","street":"PO Box 770294","city":"Naples","state":"FL","zip":"34107-0294","latitude":26.2718602659396,"longitude":-81.7955970722463},{"name":"PFLAG Nashville","website":"http://www.pflagnashville.org","street":"PO Box 2105","city":"Antioch","state":"TN","zip":"37011-2105","latitude":36.06,"longitude":-86.67},{"name":"PFLAG New Hampshire State Council","website":"http://pflagnh.org","street":"PO Box 957","city":"Concord","state":"NH","zip":"03302","latitude":43.2109719,"longitude":-71.4963565},{"name":"PFLAG New Orleans","website":"","street":"PO Box 15515","city":"New Orleans","state":"LA","zip":"70175","latitude":29.9319340981812,"longitude":-90.0933556843166},{"name":"PFLAG New Prague Area","website":"","street":"","city":"New Prague","state":"MN","zip":"56071","latitude":44.5432966,"longitude":-93.5760652},{"name":"PFLAG New Smyrna Beach/Volusia","website":"","street":"1805 Beacon St","city":"New Smyrna Beach","state":"FL","zip":"32169-2003","latitude":29.0565235360334,"longitude":-80.9070435209409},{"name":"PFLAG New York City","website":"http://www.pflagnyc.org","street":"PO Box 843","city":"New York","state":"NY","zip":"10150-0843","latitude":40.7582228,"longitude":-73.9704871},{"name":"PFLAG Norfolk/ South Hampton Roads","website":"","street":"247 W 25th st","city":"Norfolk","state":"VA","zip":"23517","latitude":36.8711843808556,"longitude":-76.2869685891283},{"name":"PFLAG Norman","website":"http://www.pflagnorman.org","street":"PO Box 721692","city":"Norman","state":"OK","zip":"73070-8298","latitude":35.2214807413442,"longitude":-97.4450376914356},{"name":"PFLAG North Jersey","website":"http://www.pflagnorthjersey.org","street":"Po Box 4585","city":"Wayne","state":"NJ","zip":"07474-4585","latitude":40.9361925765273,"longitude":-74.2574776621636},{"name":"PFLAG Norwalk/Fairfield Co. SWCT","website":"","street":"c/o Triangle Community Center\n16 river st","city":"Norwalk","state":"CT","zip":"06851","latitude":41.1184773,"longitude":-73.4135803},{"name":"PFLAG Oakhurst","website":"","street":"40108 Hwy 49, Ste C #404","city":"Oakhurst","state":"CA","zip":"93644","latitude":37.3354362,"longitude":-119.6624536},{"name":"PFLAG Oakland/East Bay","website":"http://www.pflag-eastbay.org","street":"PO Box 21195","city":"Oakland","state":"CA","zip":"94620-1195","latitude":37.8273803355352,"longitude":-122.253706191787},{"name":"PFLAG Oak Park Area","website":"http://www.oakpark-pflag.blogspot.com","street":"306 Wesley Ave.","city":"Oak Park","state":"IL","zip":"60302-3510","latitude":41.8829802709238,"longitude":-87.7910237585389},{"name":"PFLAG Oak Park/Ventura County","website":"","street":"5450 Churchwood Drive","city":"Oak Park","state":"CA","zip":"91377-4797","latitude":34.1800127331022,"longitude":-118.775983551599},{"name":"PFLAG Oak Ridge","website":"","street":"130 Windham Rd","city":"Oak Ridge","state":"TN","zip":"37830","latitude":36.0032229976443,"longitude":-84.3122849644787},{"name":"PFLAG Oconomowoc","website":"","street":"791 Summit Ave","city":"Oconomowoc","state":"WI","zip":"53066","latitude":43.1005758020327,"longitude":-88.4854904606155},{"name":"PFLAG Odessa","website":"www.pflagodessa.weebly.com","street":"1732 W 26th St","city":"Odessa","state":"TX","zip":"79763-2353","latitude":31.8598977867545,"longitude":-102.404277202031},{"name":"PFLAG Ogden","website":"www.ogdenpflag.org","street":"","city":"Ogden","state":"UT","zip":"84401-1707","latitude":41.223,"longitude":-111.9738304},{"name":"PFLAG Oklahoma City","website":"pflagoklahomacity.org","street":"14420 Pony Road","city":"Oklahoma City","state":"OK","zip":"73134","latitude":35.617979,"longitude":-97.594182},{"name":"PFLAG Olympia","website":"http://pflag-olympia.org","street":"PO Box 12732","city":"Olympia","state":"WA","zip":"98508-2732","latitude":47.0450398482116,"longitude":-122.941129491732},{"name":"PFLAG Omaha","website":"http://www.pflag-omaha.org","street":"PO Box 390064","city":"Omaha","state":"NE","zip":"68139-0064","latitude":41.2035016520807,"longitude":-96.1247165636178},{"name":"PFLAG Oneonta / Otsego County","website":"","street":"PO Box 1441","city":"Oneonta","state":"NY","zip":"13820","latitude":42.4528571,"longitude":-75.0637746},{"name":"PFLAG Orange County","website":"http://www.ocpflag.org","street":"PO Box 28662","city":"Santa Ana","state":"CA","zip":"92799-8662","latitude":33.6958233489694,"longitude":-117.910756003986},{"name":"PFLAG Oregon Central Coast","website":"http://occpflag.org/","street":"PO Box 2172","city":"Newport","state":"OR","zip":"97365-0160","latitude":44.6347958464523,"longitude":-124.055797170402},{"name":"PFLAG Orlando/ Central Florida","website":"http://www.pflagorlando.org","street":"P.O. Box 141312","city":"Orlando","state":"FL","zip":"32814-1312","latitude":28.5560730414388,"longitude":-81.3374075660056},{"name":"PFLAG Oskaloosa","website":"http://www.pflagoskaloosa.com","street":"","city":"Oskaloosa","state":"IA","zip":"","latitude":41.2916728,"longitude":-92.6493595},{"name":"PFLAG Owensboro","website":"","street":"PO Box 1044","city":"Owensboro","state":"KY","zip":"42302","latitude":37.7774802440192,"longitude":-87.1666468793492},{"name":"PFLAG Owosso Area","website":"http://www.pflagowosso.org","street":"PO Box 23","city":"Owosso","state":"MI","zip":"48867","latitude":42.9978049,"longitude":-84.1766358},{"name":"PFLAG Oxford","website":"","street":"PO Box 524","city":"Oxford","state":"OH","zip":"45056-0524","latitude":39.5069974,"longitude":-84.745231},{"name":"PFLAG Oxford/North Mississippi","website":"","street":"PO Box 2142","city":"Oxford","state":"MS","zip":"38655-7142","latitude":34.3813913322452,"longitude":-89.5350683770032},{"name":"PFLAG Palm Beach","website":"http://www.pflagpbc.org","street":"5761 duckweed rd","city":"Lake Worth","state":"FL","zip":"33449-8449","latitude":26.5936919078563,"longitude":-80.2366215184675},{"name":"PFLAG Palm Springs/Desert Communities","website":"http://www.pspflag.org","street":"611 S Palm Cyn Dr #7-262","city":"Palm Springs","state":"CA","zip":"92264-7213","latitude":33.8138715362435,"longitude":-116.54559318068},{"name":"PFLAG Panama City","website":"","street":"PO Box 15293","city":"Panama City","state":"FL","zip":"32405","latitude":30.1917155,"longitude":-85.6743082},{"name":"PFLAG Pasadena","website":"","street":"PO Box 125","city":"Altadena","state":"CA","zip":"91003-0125","latitude":34.1848841196075,"longitude":-118.131616971845},{"name":"PFLAG Pendleton","website":"","street":"P.O. Box 1819","city":"Pendleton","state":"OR","zip":"97801","latitude":45.672075,"longitude":-118.7885967},{"name":"PFLAG Pensacola/Emerald Coast","website":"","street":"1720 W Fairfield Dr\nSuite 505","city":"Pensacola","state":"FL","zip":"32501","latitude":30.445784,"longitude":-87.237661},{"name":"PFLAG Philadelphia","website":"http://www.pflagphila.org","street":"PO Box 15711","city":"Philadelphia","state":"PA","zip":"19103-0711","latitude":39.9522009336273,"longitude":-75.1741868967071},{"name":"PFLAG Phoenix","website":"http://www.pflagphoenix.org","street":"2942 N 24th St Ste 114-310","city":"Phoenix","state":"AZ","zip":"85016","latitude":33.4818211317409,"longitude":-112.030223606833},{"name":"PFLAG Phoenix Native American","website":"http://www.nativepflag.org/","street":"3425 E Chandler Blvd.\n#156","city":"Phoenix","state":"AZ","zip":"85048","latitude":33.3050954724791,"longitude":-112.009720623607},{"name":"PFLAG Pittsburgh","website":"www.pflagpgh.org","street":"PO Box 5406","city":"Pittsburgh","state":"PA","zip":"15206","latitude":40.4720642,"longitude":-79.9136731},{"name":"PFLAG Placerville/El Dorado County","website":"","street":"P.O. Box 415","city":"Placerville","state":"CA","zip":"95667","latitude":38.7296252,"longitude":-120.798546},{"name":"PFLAG Plymouth/Canton","website":"","street":"574 S. Sheldon Rd.","city":"Plymouth","state":"MI","zip":"48170","latitude":42.3689739,"longitude":-83.4806487},{"name":"PFLAG Portland","website":"http://www.pflagpdx.org","street":"PO Box 6743","city":"Portland","state":"OR","zip":"97228","latitude":45.5273797841508,"longitude":-122.678029230764},{"name":"PFLAG Portland","website":"http://www.pflagportlandmaine.org","street":"PO Box 8742","city":"Portland","state":"ME","zip":"04104-8742","latitude":43.658051673547,"longitude":-70.2663078003639},{"name":"PFLAG Price","website":"","street":"PO Box 1759","city":"Price","state":"UT","zip":"84501","latitude":39.5994095,"longitude":-110.8107148},{"name":"PFLAG Princeton","website":"www.pflagprinceton.org","street":"21 Wiggins St.","city":"Princeton","state":"NJ","zip":"08540-6914","latitude":40.3523843774382,"longitude":-74.6595507686523},{"name":"PFLAG Provo/Utah County","website":"","street":"PO Box 50532","city":"Provo","state":"UT","zip":"84605","latitude":40.2299999,"longitude":-111.66},{"name":"PFLAG Pueblo","website":"","street":"PO Box 1184","city":"Pueblo","state":"CO","zip":"81002-1184","latitude":38.25,"longitude":-104.61},{"name":"PFLAG Quad Cities","website":"","street":"14225 290th Street","city":"Donahue","state":"IA","zip":"52746-9786","latitude":41.7277219433141,"longitude":-90.6223109888603},{"name":"PFLAG Queens","website":"http://www.pflag-queens.org","street":"P.O. Box 751043","city":"Forest Hills","state":"NY","zip":"11375","latitude":40.7201221838928,"longitude":-73.8447296659405},{"name":"PFLAG Raleigh-Durham/Triangle","website":"http://www.pflagtriangle.org","street":"P.O. Box 51776","city":"Durham","state":"NC","zip":"27717-1776","latitude":35.9570640813433,"longitude":-78.9553887192132},{"name":"PFLAG Red Wing","website":"","street":"1821 Bohmbach Dr.","city":"Red Wing","state":"MN","zip":"55066-3568","latitude":44.54579234744,"longitude":-92.5256003004127},{"name":"PFLAG Rehoboth Beach","website":"http://www.pflagrehobothbeach.org/","street":"c/o Epworth UMC\r\n19285 Holland Glade Rd","city":"Rehoboth Beach","state":"DE","zip":"19971","latitude":38.7191174,"longitude":-75.1070223},{"name":"PFLAG Reno/Sparks","website":"","street":"P.O. Box 50153","city":"Sparks","state":"NV","zip":"89434","latitude":39.5351309,"longitude":-119.5803605},{"name":"PFLAG Richmond","website":"pflagofrichmond.org","street":"PO Box 36392","city":"Richmond","state":"VA","zip":"23235","latitude":37.5213394,"longitude":-77.5734048},{"name":"PFLAG River Falls","website":"","street":"239 Kusilek Street","city":"River Falls","state":"WI","zip":"54022","latitude":44.8600588419431,"longitude":-92.6429895004643},{"name":"PFLAG Riverside","website":"","street":"PO Box 1648","city":"Riverside","state":"CA","zip":"92502","latitude":33.9804538024021,"longitude":-117.373837696452},{"name":"PFLAG Roanoke","website":"","street":"2621 Southwoods Dr","city":"Roanoke","state":"VA","zip":"24018","latitude":37.2450799748621,"longitude":-80.0111336259153},{"name":"PFLAG Rochester","website":"rochesterpflag.wix.com/rochester-pflag","street":"875 E Main St #500","city":"Rochester","state":"NY","zip":"14605-2747","latitude":43.160972399158,"longitude":-77.5892043964649},{"name":"PFLAG Rocky Mount","website":"","street":"PO Box 7141","city":"Rocky Mount","state":"NC","zip":"27804","latitude":35.9382103,"longitude":-77.7905339},{"name":"PFLAG Sacramento","website":"http://www.pflagsacramento.org","street":"PO Box 661855","city":"Sacramento","state":"CA","zip":"95866-1855","latitude":38.5960030965667,"longitude":-121.396858096223},{"name":"PFLAG Salisbury","website":"www.salisburypflag.org","street":"314 Civic Ave","city":"Salisbury","state":"MD","zip":"21804","latitude":38.366345,"longitude":-75.574575},{"name":"PFLAG Salisbury/ Rowan","website":"","street":"PO Box 5207","city":"Salisbury","state":"NC","zip":"28147-0090","latitude":35.662781212484,"longitude":-80.4646958558283},{"name":"PFLAG Salt Lake City","website":"http://pflag-saltlakecity.org/","street":"PO Box 520434","city":"Salt Lake City","state":"UT","zip":"84106","latitude":40.9217756320409,"longitude":-111.98685804776},{"name":"PFLAG San Antonio","website":"http://pflag-sanantonio.org/","street":"P.O. Box 761475","city":"San Antonio","state":"TX","zip":"78245","latitude":29.3978144,"longitude":-98.7371039},{"name":"PFLAG San Diego","website":"http://www.pflag.com","street":"PO Box 82762","city":"San Diego","state":"CA","zip":"92138","latitude":32.7465113457231,"longitude":-117.201128073101},{"name":"PFLAG Sandpoint","website":"http://www.pflagsandpoint.org","street":"P.O. Box 574","city":"Sandpoint","state":"ID","zip":"83860-0514","latitude":48.2017889044355,"longitude":-116.566989226671},{"name":"PFLAG Sandusky/Firelands","website":"","street":"P.O. Box 143","city":"Sandusky","state":"OH","zip":"44871-0143","latitude":41.4348340830276,"longitude":-82.7028689552373},{"name":"PFLAG San Francisco","website":"http://www.pflagsf.org","street":"584 Castro St., #784","city":"San Francisco","state":"CA","zip":"94114","latitude":37.7596077,"longitude":-122.4351526},{"name":"PFLAG San Gabriel Valley/API","website":"http://www.sangabrielvalleyapipflag.com/","street":"","city":"Alhambra","state":"CA","zip":"91803","latitude":34.095287,"longitude":-118.1270146},{"name":"PFLAG San Jose/Peninsula","website":"http://www.pflagsanjose.org","street":"P.O. Box 2718","city":"Sunnyvale","state":"CA","zip":"94087","latitude":37.36883,"longitude":-122.0363496},{"name":"PFLAG San Juan","website":"http://www.facebook.com/pflagsj","street":"1401 South Nebraska","city":"San Juan","state":"TX","zip":"78589","latitude":26.175218688093,"longitude":-98.1578984962179},{"name":"PFLAG San Juan","website":"","street":"120 Ave La Sierra\nBox 72","city":"San Juan","state":"PR","zip":"00926","latitude":18.3680189,"longitude":-66.0580539},{"name":"PFLAG San Luis Obispo/Central Coast","website":"","street":"PO Box 3313","city":"San Luis Obispo","state":"CA","zip":"93403","latitude":35.2855233860965,"longitude":-120.66251860405},{"name":"PFLAG San Marcos","website":"","street":"510 N. Guadalupe","city":"San Marcos","state":"TX","zip":"78667","latitude":29.8871393,"longitude":-97.9421694},{"name":"PFLAG Santa Barbara","website":"","street":"26 W Anapamu Street","city":"Santa Barbara","state":"CA","zip":"93101","latitude":34.422745,"longitude":-119.705474},{"name":"PFLAG Santa Clarita","website":"","street":"PO Box 55776","city":"Valencia","state":"CA","zip":"91385","latitude":34.3915825674826,"longitude":-118.562266220709},{"name":"PFLAG Santa Cruz County","website":"www.pflagscc.org","street":"PO Box 251","city":"Santa Cruz","state":"CA","zip":"95061","latitude":37.06,"longitude":-122.16},{"name":"PFLAG Santa Fe","website":"http://www.pflagsantafe.org","street":"PO Box 32053","city":"Santa Fe","state":"NM","zip":"87594-2053","latitude":35.6934830203262,"longitude":-105.948999656608},{"name":"PFLAG Santa Rosa","website":"","street":"1650 West 3rd street","city":"Santa Rosa","state":"CA","zip":"95401","latitude":38.433234,"longitude":-122.741284},{"name":"PFLAG Sauk Valley","website":"","street":"PO Box 261","city":"Dixon","state":"IL","zip":"61021-0261","latitude":41.8417438361103,"longitude":-89.4862870016431},{"name":"PFLAG Savannah","website":"","street":"PO Box 1743","city":"Savannah","state":"GA","zip":"31402-1743","latitude":32.0842912709265,"longitude":-81.0989971207197},{"name":"PFLAG Seattle","website":"http://www.seattle-pflag.org","street":"1122 E. Pike St., PMB 620,","city":"Seattle","state":"WA","zip":"98122-3934","latitude":47.6087583,"longitude":-122.2964235},{"name":"PFLAG Sedona/Verde Valley","website":"http://pflagsedona.org/","street":"P.O. Box 20033","city":"Sedona","state":"AZ","zip":"86341-0033","latitude":34.7801107508116,"longitude":-111.7640898049},{"name":"PFLAG Sedro-Woolley/Skagit County","website":"http://www.pflagskagit.org","street":"23262 Meadow View Ln.","city":"Sedro Woolley","state":"WA","zip":"98284-7848","latitude":48.5896615035766,"longitude":-122.242812805466},{"name":"PFLAG Seguin","website":"https://www.facebook.com/PFLAGSeguinTX","street":"710 N Austin St.","city":"Seguin","state":"TX","zip":"78155","latitude":29.5749676,"longitude":-97.965378},{"name":"PFLAG Shreveport","website":"http://pflagshreveport.wordpress.com/","street":"2609 Parham Drive","city":"Shreveport","state":"LA","zip":"71109","latitude":32.4870604149073,"longitude":-93.809797550216},{"name":"PFLAG Sierra Vista","website":"www.pflagsierravista.org","street":"4533 N. Commerce Drive","city":"Sierra Vista","state":"AZ","zip":"85635","latitude":31.5685329,"longitude":-110.2514425},{"name":"PFLAG Silver City","website":"www.pflagsilvercity.org","street":"PO Box 813","city":"Silver City","state":"NM","zip":"88062-0813","latitude":32.7716407059549,"longitude":-108.274676818979},{"name":"PFLAG Simi Valley","website":"","street":"370 Royal Ave","city":"Simi Valley","state":"CA","zip":"93065","latitude":34.263683,"longitude":-118.7902},{"name":"PFLAG Siouxland","website":"","street":"2508 Jackson St.","city":"Souix City","state":"IA","zip":"51104-3522","latitude":42.5165197596802,"longitude":-96.4021727905411},{"name":"PFLAG South Bend/Michiana","website":"http://www.gaymichiana.org/pflag.html","street":"PO Box 4195","city":"South Bend","state":"IN","zip":"46634-4195","latitude":41.6719801309794,"longitude":-86.2499488530564},{"name":"PFLAG Southeastern CT","website":"http://www.pflagsect.org","street":"18 Cathedral Heights","city":"Noank","state":"CT","zip":"06340-5706","latitude":41.3257360009168,"longitude":-71.9866285631568},{"name":"PFLAG South Orange County/Laguna Hills","website":"http://lbpflag.org/localchapters/south-orange-county-chapter/","street":"PO Box 1100","city":"Laguna Beach","state":"CA","zip":"92652-1100","latitude":33.5441062,"longitude":-117.7820073},{"name":"PFLAG Spartanburg","website":"www.pflagupstatesc.org","street":"PO Box 7056","city":"Spartanburg","state":"SC","zip":"29304","latitude":34.94,"longitude":-81.93},{"name":"PFLAG Spearfish","website":"","street":"11481 Foothills Ranch Lane","city":"Saint Onge","state":"SD","zip":"57779","latitude":44.5719687,"longitude":-103.7609592},{"name":"PFLAG Spokane","website":"http://spokanepflag.org","street":"PO Box 10292","city":"Spokane","state":"WA","zip":"99209","latitude":47.69,"longitude":-117.44},{"name":"PFLAG Springfield","website":"http://www.facebook.com/PFLAGSpringfieldIL","street":"745 Woodside Road","city":"Springfield","state":"IL","zip":"62711","latitude":39.7206546,"longitude":-89.6585839},{"name":"PFLAG Springfield","website":"http://www.pflag-springfield.org/","street":"PO Box 1752","city":"Springfield","state":"MO","zip":"65801-1752","latitude":37.2154428132363,"longitude":-93.2955662483829},{"name":"PFLAG Spring Valley/Rockland County","website":"","street":"PO Box 344","city":"Congers","state":"NY","zip":"10920-0344","latitude":41.1515614574964,"longitude":-73.9453498562101},{"name":"PFLAG Staten Island","website":"","street":"380 Van Duzer St.","city":"Staten Island","state":"NY","zip":"10304-2733","latitude":40.628886315752,"longitude":-74.079827135613},{"name":"PFLAG St. Augustine","website":"","street":"PO Box 573","city":"St. Augustine","state":"FL","zip":"32085","latitude":29.8917023,"longitude":-81.3163274},{"name":"PFLAG St. Charles","website":"","street":"1815 Boones Lick Road","city":"St. Charles","state":"MO","zip":"63301","latitude":38.77584,"longitude":-90.50878},{"name":"PFLAG St. Cloud","website":"http://on.fb.me/r0hPt4","street":"PO Box 7597","city":"Saint Cloud","state":"MN","zip":"56302-7597","latitude":45.5573664924707,"longitude":-94.1619994253325},{"name":"PFLAG Steven's Point","website":"","street":"5633 Hwy. 10 E. Ste. F","city":"Stevens Point","state":"WI","zip":"54482","latitude":44.5233641981004,"longitude":-89.5072388661799},{"name":"PFLAG St. George","website":"","street":"823 Harrison","city":"Saint George","state":"UT","zip":"84790-8828","latitude":37.0703558764237,"longitude":-113.567177410408},{"name":"PFLAG Stillwater","website":"","street":"401 Eyler Lane","city":"Stillwater","state":"OK","zip":"74074-2821","latitude":36.1180061305795,"longitude":-97.084263336483},{"name":"PFLAG St. Joseph","website":"http://www.pflagstjoemo.com/about.php","street":"927 Faraon","city":"St. Joseph","state":"MO","zip":"64501","latitude":39.769438,"longitude":-94.848523},{"name":"PFLAG St. Louis","website":"","street":"13108 Weatherfield","city":"St. Louis","state":"MO","zip":"63146-3648","latitude":38.6988538789045,"longitude":-90.4831487874858},{"name":"PFLAG St. Paul/Minneapolis","website":"http://www.pflagtc.com","street":"106 E Diamond Lake Rd","city":"Minneapolis","state":"MN","zip":"55419-1925","latitude":44.9038199201543,"longitude":-93.2766033712478},{"name":"PFLAG Sturgeon Bay/Door County","website":"http://www.pflag.org/doorcounty","street":"PO Box 213","city":"Sturgeon Bay","state":"WI","zip":"54235-0213","latitude":44.8930090978927,"longitude":-87.3368096559401},{"name":"PFLAG Sun Prairie","website":"","street":"","city":"Sun Prairie","state":"WI","zip":"","latitude":43.1836046,"longitude":-89.2137254},{"name":"PFLAG Tacoma","website":"http://www.pflagtacoma.org","street":"Po Box 124\n3800A Bridgeport Way W.","city":"Tacoma","state":"WA","zip":"98401-0124","latitude":47.2534958258728,"longitude":-122.437269633086},{"name":"PFLAG Tahlequah","website":"http://pflagtahlequah.org","street":"","city":"Tahlequah","state":"OK","zip":"","latitude":35.91537,"longitude":-94.969956},{"name":"PFLAG Tallahassee","website":"","street":"1407 S Meridian St","city":"Tallahassee","state":"FL","zip":"32301","latitude":30.4303000506079,"longitude":-84.2770783904546},{"name":"PFLAG Tampa","website":"http://www.pflagtampa.org","street":"","city":"Tampa","state":"FL","zip":"","latitude":27.950575,"longitude":-82.4571776},{"name":"PFLAG Taos","website":"www.pflagtaos.org","street":"PO Box 665","city":"Taos","state":"NM","zip":"87571-0665","latitude":36.4120122141934,"longitude":-105.569137561748},{"name":"PFLAG Tehachapi","website":"","street":"22506 McCarthy Dr.","city":"Tehachapi","state":"CA","zip":"93561","latitude":35.1467302529999,"longitude":-118.499327679928},{"name":"PFLAG Temecula","website":"www.pflagtemecula.org","street":"41687 Temeku Drive","city":"Temecula","state":"CA","zip":"92591","latitude":33.5151451,"longitude":-117.1130148},{"name":"PFLAG Thief River Falls","website":"","street":"","city":"Thief River Falls","state":"MN","zip":"56701","latitude":48.1191353,"longitude":-96.1811473},{"name":"PFLAG Tinley Park","website":"","street":"","city":"Tinley Park","state":"IL","zip":"","latitude":41.5731442,"longitude":-87.7932939},{"name":"PFLAG Toledo","website":"http://www.pflagtoledo.org","street":"4623 Ottawa Trail","city":"Toledo","state":"OH","zip":"43611","latitude":41.705727457857,"longitude":-83.4953076760077},{"name":"PFLAG Tri-Cities (Bay City, Saginaw, Midland)","website":"","street":"PO Box 362","city":"Bay City","state":"MI","zip":"48707-0834","latitude":43.6001327518262,"longitude":-83.8873999751279},{"name":"PFLAG Tucson","website":"http://www.pflagtucson.org","street":"PO Box 36264","city":"Tucson","state":"AZ","zip":"85740","latitude":32.3205226615926,"longitude":-110.974939406628},{"name":"PFLAG Tulare-Kings Counties","website":"www.pflag-tulare-kings.org","street":"4125 W Noble Ave. #164","city":"Visalia","state":"CA","zip":"93277-1662","latitude":36.3269435405131,"longitude":-119.3371916159},{"name":"PFLAG Tulsa","website":"http://www.pflagtulsa.org","street":"P.O. Box 52800","city":"Tulsa","state":"OK","zip":"74152","latitude":36.1419636885744,"longitude":-95.9599864557096},{"name":"PFLAG Tupelo","website":"http://pflagtupelo.org","street":"All Saints Episcopal Church\n608 W Jefferson St","city":"Tupelo","state":"MS","zip":"38804","latitude":34.2574107877787,"longitude":-88.7078280936908},{"name":"PFLAG Tyler/East Texas","website":"http://community.pflag.org/tylereasttexas","street":"PO Box 130703","city":"Tyler","state":"TX","zip":"75713-0703","latitude":32.3124040534054,"longitude":-95.2747857168866},{"name":"PFLAG Ukiah","website":"","street":"","city":"Ukiah","state":"CA","zip":"95482\t","latitude":39.1501709,"longitude":-123.2077831},{"name":"PFLAG Union County","website":"https://sites.google.com/site/pflagunioncounty/","street":"PO BOX 173","city":"La Grande","state":"OR","zip":"97850","latitude":45.3258671185737,"longitude":-118.088139220548},{"name":"PFLAG Urbana Area","website":"","street":"221 S Dugan Rd","city":"Urbana","state":"OH","zip":"43078-9780","latitude":40.1041866166202,"longitude":-83.7125354952162},{"name":"PFLAG Valdosta","website":"http://community.pflag.org/Valdosta","street":"709 W Alden Ave","city":"Valdosta","state":"GA","zip":"31602","latitude":30.8508163735779,"longitude":-83.2992156443857},{"name":"PFLAG Vallejo","website":"","street":"3000 BROADWAY ST APT 55","city":"American Canyon","state":"CA","zip":"94503","latitude":38.163068,"longitude":-122.250334},{"name":"PFLAG Vancouver/SW Washington","website":"http://www.gayvancouverwa.org/resource-test/youth-a-family.html?view=joomd\u0026layout=detail\u0026id=1118","street":"PO Box 605","city":"Vancouver","state":"WA","zip":"98666-0605","latitude":45.6304190679867,"longitude":-122.674798042195},{"name":"PFLAG Ventura","website":"","street":"1280 S Victoria Ave, STE 230","city":"Ventura","state":"CA","zip":"93003","latitude":34.2633265380903,"longitude":-119.211907556288},{"name":"PFLAG Virginia Beach","website":"","street":"4445 Corporation Lane Ste 243","city":"Virginia Beach","state":"VA","zip":"23452","latitude":36.8470674333165,"longitude":-76.1270105250149},{"name":"PFLAG Walla Walla","website":"","street":"PO Box 2495","city":"Walla Walla","state":"WA","zip":"99362-0300","latitude":46.0678177243096,"longitude":-118.340159850096},{"name":"PFLAG Washburn","website":"","street":"231 W 5th St","city":"Washburn","state":"WI","zip":"54891-9407","latitude":46.6743703049467,"longitude":-90.8954125455518},{"name":"PFLAG Washington DC/ Metropolitan Area","website":"http://www.pflagdc.org","street":"P.O. Box 6085","city":"Washington","state":"DC","zip":"20005","latitude":38.908229,"longitude":-77.030539},{"name":"PFLAG Waterville","website":"","street":"93 Maine St, Suite 3","city":"Waterville","state":"ME","zip":"04901","latitude":44.5499143,"longitude":-69.6296214},{"name":"PFLAG West Chester/Chester County","website":"","street":"PO Box 2527","city":"West Chester","state":"PA","zip":"19380-0307","latitude":39.9978625949839,"longitude":-75.5810097500991},{"name":"PFLAG Westchester County","website":"http://www.pflagwestchester.org","street":"252 Bryant Ave.","city":"White Plains","state":"NY","zip":"10605-2103","latitude":41.0214264448756,"longitude":-73.745912565112},{"name":"PFLAG Westminster/Carroll County","website":"http://www.pflagwcc.org","street":"5710 French Ave.","city":"Sykesville","state":"MD","zip":"21784-9011","latitude":39.4146553498656,"longitude":-77.0355154315911},{"name":"PFLAG Whidbey Island","website":"","street":"","city":"Freeland","state":"WA","zip":"98249-9539","latitude":48.009537,"longitude":-122.525983},{"name":"PFLAG White River Valley","website":"https://sites.google.com/site/pflagwrv/","street":"PO Box 585","city":"Spencer","state":"IN","zip":"47460-0585","latitude":39.2867117,"longitude":-86.7625058},{"name":"PFLAG Wilmington/Cape Fear","website":"www.pflagwilmingtonnc.org","street":"PO Box 16287","city":"Wilmington","state":"NC","zip":"28408-6287","latitude":34.1324703195507,"longitude":-77.895528938409},{"name":"PFLAG Wilmington/ North Delaware","website":"www.pflagwilmde.org","street":"PO Box 26049","city":"Wilmington","state":"DE","zip":"19899-6049","latitude":39.75,"longitude":-75.55},{"name":"PFLAG Winchester/Lower Shenandoah Valley","website":"http://www.pflagofwinchester.com/","street":"PO Box 3741","city":"Winchester","state":"VA","zip":"22604","latitude":39.19,"longitude":-78.15},{"name":"PFLAG Winston-Salem","website":"http://www.pflagws.org","street":"PO Box 24334","city":"Winston Salem","state":"NC","zip":"27114-4334","latitude":36.0756218982331,"longitude":-80.3093271544238},{"name":"PFLAG Wooster","website":"http://www.facebook.com/pages/Wooster-Pflag/411775302204803?fref=ts","street":"","city":"Wooster","state":"OH","zip":"44691","latitude":40.8372701237183,"longitude":-81.9392082746414},{"name":"PFLAG Worcester","website":"www.worcesterpflag.org","street":"4 Mann St","city":"Worcester","state":"MA","zip":"01602-3414","latitude":42.2622017184357,"longitude":-71.8269618506081},{"name":"PFLAG Yankton","website":"","street":"206 E 31st St","city":"Yankton","state":"SD","zip":"57078-4861","latitude":42.9089023446685,"longitude":-97.3900346289942},{"name":"PFLAG York","website":"http://www.pflagyork.org","street":"925 South George St.","city":"York","state":"PA","zip":"17403-3706","latitude":39.9482650201157,"longitude":-76.7213602704593},{"name":"PFLAG Youngstown","website":"http://www.youngstownpflag.org","street":"2201 Goleta Ave.","city":"Youngstown","state":"OH","zip":"44504","latitude":41.128757,"longitude":-80.655291},{"name":"PFLAG Yuma","website":"","street":"12535 S Foothills Blvd","city":"Yuma","state":"AZ","zip":"85367-6018","latitude":32.6478001895282,"longitude":-114.409817301327}]
